id,filename,start_s,end_s,mapping_status,exercise_audio_status
C_001,c_master_aufnahme_001.mp3,0.82,8.12,needs_text_matching,not_routed
C_002,c_master_aufnahme_002.mp3,10.16,16.78,needs_text_matching,not_routed
C_003,c_master_aufnahme_003.mp3,18.54,23.36,needs_text_matching,not_routed
C_004,c_master_aufnahme_004.mp3,25.04,31.05,needs_text_matching,not_routed
C_005,c_master_aufnahme_005.mp3,33.48,38.62,needs_text_matching,not_routed
C_006,c_master_aufnahme_006.mp3,40.79,45.84,needs_text_matching,not_routed
C_007,c_master_aufnahme_007.mp3,48.44,53.97,needs_text_matching,not_routed
C_008,c_master_aufnahme_008.mp3,57.25,62.96,needs_text_matching,not_routed
C_009,c_master_aufnahme_009.mp3,66.42,70.8,needs_text_matching,not_routed
C_010,c_master_aufnahme_010.mp3,73.24,78.06,needs_text_matching,not_routed
C_011,c_master_aufnahme_011.mp3,80.98,86.38,needs_text_matching,not_routed
C_012,c_master_aufnahme_012.mp3,88.79,100.64,needs_text_matching,not_routed
C_013,c_master_aufnahme_013.mp3,102.6,107.18,needs_text_matching,not_routed
C_014,c_master_aufnahme_014.mp3,109.15,113.81,needs_text_matching,not_routed
C_015,c_master_aufnahme_015.mp3,116.53,120.91,needs_text_matching,not_routed
C_016,c_master_aufnahme_016.mp3,122.91,127.3,needs_text_matching,not_routed
C_017,c_master_aufnahme_017.mp3,129.57,133.68,needs_text_matching,not_routed
C_018,c_master_aufnahme_018.mp3,135.9,139.96,needs_text_matching,not_routed
C_019,c_master_aufnahme_019.mp3,142.57,146.67,needs_text_matching,not_routed
C_020,c_master_aufnahme_020.mp3,149.4,153.54,needs_text_matching,not_routed
C_021,c_master_aufnahme_021.mp3,155.66,160.12,needs_text_matching,not_routed
C_022,c_master_aufnahme_022.mp3,162.26,170.03,needs_text_matching,not_routed
C_023,c_master_aufnahme_023.mp3,171.79,178.01,needs_text_matching,not_routed
C_024,c_master_aufnahme_024.mp3,180.67,184.75,needs_text_matching,not_routed
C_025,c_master_aufnahme_025.mp3,187.04,191.94,needs_text_matching,not_routed
C_026,c_master_aufnahme_026.mp3,194.6,198.95,needs_text_matching,not_routed
C_027,c_master_aufnahme_027.mp3,200.02,204.82,needs_text_matching,not_routed
C_028,c_master_aufnahme_028.mp3,207.54,211.26,needs_text_matching,not_routed
C_029,c_master_aufnahme_029.mp3,212.91,217.01,needs_text_matching,not_routed
C_030,c_master_aufnahme_030.mp3,219.68,223.94,needs_text_matching,not_routed
C_031,c_master_aufnahme_031.mp3,226.24,230.41,needs_text_matching,not_routed
C_032,c_master_aufnahme_032.mp3,233.37,237.14,needs_text_matching,not_routed
C_033,c_master_aufnahme_033.mp3,240.48,244.57,needs_text_matching,not_routed
C_034,c_master_aufnahme_034.mp3,247.67,253.03,needs_text_matching,not_routed
C_035,c_master_aufnahme_035.mp3,255.58,260.77,needs_text_matching,not_routed
C_036,c_master_aufnahme_036.mp3,263.46,267.22,needs_text_matching,not_routed
C_037,c_master_aufnahme_037.mp3,269.49,274.46,needs_text_matching,not_routed
C_038,c_master_aufnahme_038.mp3,276.51,282.37,needs_text_matching,not_routed
C_039,c_master_aufnahme_039.mp3,285.35,292.67,needs_text_matching,not_routed
C_040,c_master_aufnahme_040.mp3,293.66,297.44,needs_text_matching,not_routed
C_041,c_master_aufnahme_041.mp3,300.75,304.76,needs_text_matching,not_routed
C_042,c_master_aufnahme_042.mp3,307.84,312.74,needs_text_matching,not_routed
C_043,c_master_aufnahme_043.mp3,315.8,320.19,needs_text_matching,not_routed
C_044,c_master_aufnahme_044.mp3,323.55,330.22,needs_text_matching,not_routed
C_045,c_master_aufnahme_045.mp3,333.46,340.49,needs_text_matching,not_routed
C_046,c_master_aufnahme_046.mp3,343.51,349.97,needs_text_matching,not_routed
C_047,c_master_aufnahme_047.mp3,352.89,359.68,needs_text_matching,not_routed
C_048,c_master_aufnahme_048.mp3,362.66,365.64,needs_text_matching,not_routed
C_049,c_master_aufnahme_049.mp3,368.49,371.99,needs_text_matching,not_routed
B034__1,b034__take1.mp3,2.44,11.2,provisional_order_not_listened,not_routed
B034__2,b034__take2.mp3,13.92,23.58,provisional_order_not_listened,not_routed
B035__1,b035__take1.mp3,26.76,31.24,provisional_order_not_listened,not_routed
B035__2,b035__take2.mp3,34.9,39.29,provisional_order_not_listened,not_routed
B036__1,b036__take1.mp3,43.88,52.4,provisional_order_not_listened,not_routed
B036__2,b036__take2.mp3,55.77,63.48,provisional_order_not_listened,not_routed
B037__1,b037__take1.mp3,66.67,70.44,provisional_order_not_listened,not_routed
B037__2,b037__take2.mp3,72.92,76.8,provisional_order_not_listened,not_routed
B038__1,b038__take1.mp3,79.85,85.16,provisional_order_not_listened,not_routed
B038__2,b038__take2.mp3,86.79,91.08,provisional_order_not_listened,not_routed
B039__1,b039__take1.mp3,94.11,99.78,provisional_order_not_listened,not_routed
B039__2,b039__take2.mp3,102.93,108.8,provisional_order_not_listened,not_routed
B040__1,b040__take1.mp3,112.1,117.03,provisional_order_not_listened,not_routed
B040__2,b040__take2.mp3,119.99,125.23,provisional_order_not_listened,not_routed
